INSERT INTO leagues (league_id,title) VALUES (10001,'Najtipovaniji');
INSERT INTO leagues (league_id,title) VALUES (10002,'Super šansa');
INSERT INTO leagues (league_id,title) VALUES (10003,'Serie A');

INSERT INTO offers (offer_id,game,sport,time_played,tv_channel) VALUES (20001,'Dinamo Zagreb - Hajduk Split','Football','Monday 15:00','ARE1');
INSERT INTO offers (offer_id,game,sport,time_played,tv_channel) VALUES (20002,'Osijek - Rijeka','Football','Tuesday 17:00','ARE2');
INSERT INTO offers (offer_id,game,sport,time_played,tv_channel) VALUES (20003,'Chelsea - West Ham','Football','Wednesday 12:00','ARE3');
INSERT INTO offers (offer_id,game,sport,time_played,tv_channel) VALUES (20004,'Manchester City - Manchester United','Football','Friday 12:00','ARE4');
INSERT INTO offers (offer_id,game,sport,time_played,tv_channel) VALUES (20005,'PSG - Nantes','Football','Sunday 14:00','ARE5');
INSERT INTO offers (offer_id,game,sport,time_played,tv_channel) VALUES (20006,'Monaco - Lille','Football','Saturday 20:00','ARE1');
INSERT INTO offers (offer_id,game,sport,time_played,tv_channel) VALUES (20007,'Real Madrid - Barcelona','Football','Monday 20:00','ARE3');
INSERT INTO offers (offer_id,game,sport,time_played,tv_channel) VALUES (20008,'Inter - Torino','Football','Monday 13:00','SK1');
INSERT INTO offers (offer_id,game,sport,time_played,tv_channel) VALUES (20009,'Atalanta - Roma','Football','Saturday 17:00','SK2');
INSERT INTO offers (offer_id,game,sport,time_played,tv_channel) VALUES (20010,'Fiorentina - Empoli','Football','Friday 20:00','SK3');
INSERT INTO offers (offer_id,game,sport,time_played,tv_channel) VALUES (20011,'England - Iran','Football','Monday 13:00','HRT1');
INSERT INTO offers (offer_id,game,sport,time_played,tv_channel) VALUES (20012,'USA - Wales','Football','Tuesday 17:00','HRT2');
INSERT INTO offers (offer_id,game,sport,time_played,tv_channel) VALUES (20013,'Argentina - Poland','Football','Sunday 16:00','HRT3');
INSERT INTO offers (offer_id,game,sport,time_played,tv_channel) VALUES (20014,'Spain - Germany','Football','Wednesday 19:00','HRT1');
INSERT INTO offers (offer_id,game,sport,time_played,tv_channel) VALUES (20015,'Japan - Belgium','Football','Monday 20:00','HRT2');

INSERT INTO league_offers (league_id,offer_id) VALUES (10001,20001);
INSERT INTO league_offers (league_id,offer_id) VALUES (10001,20002);
INSERT INTO league_offers (league_id,offer_id) VALUES (10002,20003);
INSERT INTO league_offers (league_id,offer_id) VALUES (10001,20004);
INSERT INTO league_offers (league_id,offer_id) VALUES (10002,20005);
INSERT INTO league_offers (league_id,offer_id) VALUES (10001,20006);
INSERT INTO league_offers (league_id,offer_id) VALUES (10002,20007);
INSERT INTO league_offers (league_id,offer_id) VALUES (10003,20008);
INSERT INTO league_offers (league_id,offer_id) VALUES (10003,20009);

INSERT INTO offer_tips (offer_id,tip,columne) VALUES (20001,'1','7');
INSERT INTO offer_tips (offer_id,tip,columne) VALUES (20001,'X','4');
INSERT INTO offer_tips (offer_id,tip,columne) VALUES (20001,'2','1.65');
INSERT INTO offer_tips (offer_id,tip,columne) VALUES (20001,'1X','2.55');
INSERT INTO offer_tips (offer_id,tip,columne) VALUES (20001,'X2','1.15');
INSERT INTO offer_tips (offer_id,tip,columne) VALUES (20001,'12','1.35');
INSERT INTO offer_tips (offer_id,tip,columne) VALUES (20001,'f+2','2.7');
INSERT INTO offer_tips (offer_id,tip,columne) VALUES (20002,'1','7.5');
INSERT INTO offer_tips (offer_id,tip,columne) VALUES (20002,'X','4');
INSERT INTO offer_tips (offer_id,tip,columne) VALUES (20002,'2','1.45');
INSERT INTO offer_tips (offer_id,tip,columne) VALUES (20002,'1X','2.6');
INSERT INTO offer_tips (offer_id,tip,columne) VALUES (20002,'X2','1.05');
INSERT INTO offer_tips (offer_id,tip,columne) VALUES (20002,'12','1.2');
INSERT INTO offer_tips (offer_id,tip,columne) VALUES (20002,'f+2','2.15');
INSERT INTO offer_tips (offer_id,tip,columne) VALUES (20003,'1','16');
INSERT INTO offer_tips (offer_id,tip,columne) VALUES (20003,'X','7');
INSERT INTO offer_tips (offer_id,tip,columne) VALUES (20003,'2','1.15');
INSERT INTO offer_tips (offer_id,tip,columne) VALUES (20003,'1X','4.9');
INSERT INTO offer_tips (offer_id,tip,columne) VALUES (20003,'X2','0');
INSERT INTO offer_tips (offer_id,tip,columne) VALUES (20003,'12','1.05');
INSERT INTO offer_tips (offer_id,tip,columne) VALUES (20003,'f+2','1.4');
INSERT INTO offer_tips (offer_id,tip,columne) VALUES (20004,'1','1.3');
INSERT INTO offer_tips (offer_id,tip,columne) VALUES (20004,'X','4.8');
INSERT INTO offer_tips (offer_id,tip,columne) VALUES (20004,'2','10');
INSERT INTO offer_tips (offer_id,tip,columne) VALUES (20004,'1X','1.05');
INSERT INTO offer_tips (offer_id,tip,columne) VALUES (20004,'X2','3.3');
INSERT INTO offer_tips (offer_id,tip,columne) VALUES (20004,'12','1.15');
INSERT INTO offer_tips (offer_id,tip,columne) VALUES (20004,'f+2','1.8');
INSERT INTO offer_tips (offer_id,tip,columne) VALUES (20005,'1','21');
INSERT INTO offer_tips (offer_id,tip,columne) VALUES (20005,'X','8.5');
INSERT INTO offer_tips (offer_id,tip,columne) VALUES (20005,'2','1.1');
INSERT INTO offer_tips (offer_id,tip,columne) VALUES (20005,'1X','6');
INSERT INTO offer_tips (offer_id,tip,columne) VALUES (20005,'X2','0');
INSERT INTO offer_tips (offer_id,tip,columne) VALUES (20005,'12','1.05');
INSERT INTO offer_tips (offer_id,tip,columne) VALUES (20005,'f+2','1.25');
INSERT INTO offer_tips (offer_id,tip,columne) VALUES (20006,'1','1.65');
INSERT INTO offer_tips (offer_id,tip,columne) VALUES (20006,'X','3.8');
INSERT INTO offer_tips (offer_id,tip,columne) VALUES (20006,'2','5');
INSERT INTO offer_tips (offer_id,tip,columne) VALUES (20006,'1X','1.15');
INSERT INTO offer_tips (offer_id,tip,columne) VALUES (20006,'X2','2.1');
INSERT INTO offer_tips (offer_id,tip,columne) VALUES (20006,'12','1.2');
INSERT INTO offer_tips (offer_id,tip,columne) VALUES (20006,'f+2','2.7');
INSERT INTO offer_tips (offer_id,tip,columne) VALUES (20007,'1','1.3');
INSERT INTO offer_tips (offer_id,tip,columne) VALUES (20007,'X','8.5');
INSERT INTO offer_tips (offer_id,tip,columne) VALUES (20007,'2','21');
INSERT INTO offer_tips (offer_id,tip,columne) VALUES (20007,'1X','1.1');
INSERT INTO offer_tips (offer_id,tip,columne) VALUES (20007,'X2','1.03');
INSERT INTO offer_tips (offer_id,tip,columne) VALUES (20007,'12','1.05');
INSERT INTO offer_tips (offer_id,tip,columne) VALUES (20007,'f+2','1.25');
INSERT INTO offer_tips (offer_id,tip,columne) VALUES (20008,'1','1.8');
INSERT INTO offer_tips (offer_id,tip,columne) VALUES (20008,'X','3.5');
INSERT INTO offer_tips (offer_id,tip,columne) VALUES (20008,'2','3.7');
INSERT INTO offer_tips (offer_id,tip,columne) VALUES (20008,'1X','1.2');
INSERT INTO offer_tips (offer_id,tip,columne) VALUES (20008,'X2','1.8');
INSERT INTO offer_tips (offer_id,tip,columne) VALUES (20008,'12','1.2');
INSERT INTO offer_tips (offer_id,tip,columne) VALUES (20008,'f+2','3.1');
INSERT INTO offer_tips (offer_id,tip,columne) VALUES (20009,'1','2');
INSERT INTO offer_tips (offer_id,tip,columne) VALUES (20009,'X','3.5');
INSERT INTO offer_tips (offer_id,tip,columne) VALUES (20009,'2','3.1');
INSERT INTO offer_tips (offer_id,tip,columne) VALUES (20009,'1X','1.25');
INSERT INTO offer_tips (offer_id,tip,columne) VALUES (20009,'X2','1.65');
INSERT INTO offer_tips (offer_id,tip,columne) VALUES (20009,'12','1.2');
INSERT INTO offer_tips (offer_id,tip,columne) VALUES (20009,'f+2','3.5');
INSERT INTO offer_tips (offer_id,tip,columne) VALUES (20010,'1','2.3');
INSERT INTO offer_tips (offer_id,tip,columne) VALUES (20010,'X','3.1');
INSERT INTO offer_tips (offer_id,tip,columne) VALUES (20010,'2','2.8');
INSERT INTO offer_tips (offer_id,tip,columne) VALUES (20010,'1X','1.35');
INSERT INTO offer_tips (offer_id,tip,columne) VALUES (20010,'X2','1.5');
INSERT INTO offer_tips (offer_id,tip,columne) VALUES (20010,'12','1.25');
INSERT INTO offer_tips (offer_id,tip,columne) VALUES (20010,'f+2','4.3');
INSERT INTO offer_tips (offer_id,tip,columne) VALUES (20011,'1','3.8');
INSERT INTO offer_tips (offer_id,tip,columne) VALUES (20011,'X','3.4');
INSERT INTO offer_tips (offer_id,tip,columne) VALUES (20011,'2','1.8');
INSERT INTO offer_tips (offer_id,tip,columne) VALUES (20011,'1X','1.8');
INSERT INTO offer_tips (offer_id,tip,columne) VALUES (20011,'X2','1.2');
INSERT INTO offer_tips (offer_id,tip,columne) VALUES (20011,'12','1.2');
INSERT INTO offer_tips (offer_id,tip,columne) VALUES (20011,'f+2','3.1');
INSERT INTO offer_tips (offer_id,tip,columne) VALUES (20012,'1','10');
INSERT INTO offer_tips (offer_id,tip,columne) VALUES (20012,'X','7');
INSERT INTO offer_tips (offer_id,tip,columne) VALUES (20012,'2','1.15');
INSERT INTO offer_tips (offer_id,tip,columne) VALUES (20012,'1X','4.2');
INSERT INTO offer_tips (offer_id,tip,columne) VALUES (20012,'X2','0');
INSERT INTO offer_tips (offer_id,tip,columne) VALUES (20012,'12','1.03');
INSERT INTO offer_tips (offer_id,tip,columne) VALUES (20012,'f+2','1.3');
INSERT INTO offer_tips (offer_id,tip,columne) VALUES (20013,'1','20');
INSERT INTO offer_tips (offer_id,tip,columne) VALUES (20013,'X','11');
INSERT INTO offer_tips (offer_id,tip,columne) VALUES (20013,'2','1.03');
INSERT INTO offer_tips (offer_id,tip,columne) VALUES (20013,'1X','7.2');
INSERT INTO offer_tips (offer_id,tip,columne) VALUES (20013,'X2','0');
INSERT INTO offer_tips (offer_id,tip,columne) VALUES (20013,'12','0');
INSERT INTO offer_tips (offer_id,tip,columne) VALUES (20013,'f+2','1.05');
INSERT INTO offer_tips (offer_id,tip,columne) VALUES (20014,'1','17');
INSERT INTO offer_tips (offer_id,tip,columne) VALUES (20014,'X','10');
INSERT INTO offer_tips (offer_id,tip,columne) VALUES (20014,'2','1.05');
INSERT INTO offer_tips (offer_id,tip,columne) VALUES (20014,'1X','6.3');
INSERT INTO offer_tips (offer_id,tip,columne) VALUES (20014,'X2','0');
INSERT INTO offer_tips (offer_id,tip,columne) VALUES (20014,'12','0');
INSERT INTO offer_tips (offer_id,tip,columne) VALUES (20014,'f+2','1.1');
INSERT INTO offer_tips (offer_id,tip,columne) VALUES (20015,'1','7.7');
INSERT INTO offer_tips (offer_id,tip,columne) VALUES (20015,'X','5.5');
INSERT INTO offer_tips (offer_id,tip,columne) VALUES (20015,'2','1.25');
INSERT INTO offer_tips (offer_id,tip,columne) VALUES (20015,'1X','3.2');
INSERT INTO offer_tips (offer_id,tip,columne) VALUES (20015,'X2','1.05');
INSERT INTO offer_tips (offer_id,tip,columne) VALUES (20015,'12','1.05');
INSERT INTO offer_tips (offer_id,tip,columne) VALUES (20015,'f+2','1.65');